GPSW,GPSSoW,latitude(deg),longitude(deg),height(m),sdn(m),sde(m),sdu(m),vn(m/s),ve(m/s),vu(m/s),v(m/s)
2177,460942.000000,41.4127927690,2.1922118060,69.189,6.4454,9.77,10.501,-7.7461400000000005,-7.0,0.393,10.448101836821845
2177,460943.000000,41.4127385260,2.1920549730,61.153,6.4486,9.77,10.501,-6.851000000000001,-6.86,1.168,9.7679706608896
2177,460944.000000,41.4126836660,2.1920321490,76.402,6.4518,9.77,10.501,-7.066609999999998,-6.66,1.036,9.766415609229416
2177,460945.000000,41.4125635840,2.1918248280,56.403,6.4551,9.77,10.500,-8.28698,-6.82,-0.503,10.745203681182595
2177,460946.000000,41.4125101480,2.1917846380,65.070,6.4583,9.77,10.500,-7.429400000000001,-7.16,0.168,10.31876327435609
2177,460947.000000,41.4124871020,2.1917872740,79.850,6.4615,9.78,10.500,-7.31048,-7.2,0.254,10.26408391160166
2177,460948.000000,41.4123222220,2.1916100610,55.387,6.4647,9.78,10.500,-7.213659999999999,-7.06,0.605,10.110003440874785
2177,460949.000000,41.4123232770,2.1916326990,74.462,6.468,9.78,10.499,-6.906789999999999,-7.05,0.853,9.906546084902647
2177,460950.000000,41.4122936240,2.1914848700,74.438,6.4712,9.78,10.499,-7.23207,-5.74,0.979,9.283532696915545
2177,460951.000000,41.4122235840,2.1912539530,57.667,6.4744,9.78,10.499,-5.9688300000000005,-5.78,-0.159,8.307600841530604
2177,460952.000000,41.4121485510,2.1913026960,70.215,3.7382,3.63,5.488,-4.75362,-4.63,0.362,6.644679576751613
2177,460953.000000,41.4120904940,2.1912962490,71.274,3.7383,3.63,5.487,-4.548649999999999,-3.72,0.638,5.90894843973951
2177,460954.000000,41.4120772040,2.1912244080,73.755,3.4946,3.62,5.212,-3.2703500000000005,-2.48,0.118,4.106836040433073
2177,460955.000000,41.4121160480,2.1911983490,82.421,3.4945,3.62,5.212,-1.9086399999999997,-0.65,0.592,2.10133270797368
2177,460956.000000,41.4120881050,2.1912295320,96.520,4.5615,4.66,5.771,-1.91846,0.202,1.080,2.210748541015011
2177,460957.000000,41.4120296460,2.1912158100,95.725,3.4943,3.62,5.211,-0.4091,1.12,0.362,1.2502312610473312
2177,460958.000000,41.4121652930,2.1913545180,95.537,3.4942,3.62,5.210,-0.27641999999999994,0.29,-0.150,0.4275893167514829
2177,460959.000000,41.4121518140,2.1915448670,154.323,3.494,3.62,5.210,0.17211000000000004,-0.331,0.475,0.6038426650212786
2177,460960.000000,41.4120622260,2.1916492690,134.650,3.2556,3.44,5.100,-0.06409000000000009,1.03,1.110,1.5169490070203415
2177,460961.000000,41.4120805360,2.1911354830,78.438,3.2651,6.0,8.431,-0.5193600000000003,0.768,0.320,0.9812296186418348
2177,460962.000000,41.4121481120,2.1915386060,132.452,3.2552,3.44,5.099,-0.19688999999999998,0.269,-0.173,0.3752832111885635
2177,460963.000000,41.4121449920,2.1914764960,121.704,3.255,3.44,5.098,0.79049,-0.0165,-0.144,0.8035833700369863
2177,460964.000000,41.4120187460,2.1913912710,96.273,2.8684,2.55,4.966,-1.21042,1.92,-0.338,2.29473924148257
2177,460965.000000,41.4120411040,2.1912896140,99.027,2.8681,2.55,4.965,-0.9508600000000001,2.65,1.998,3.4529060940170377
2177,460966.000000,41.4120241330,2.1912860740,95.618,2.1709,2.1,4.148,-2.3418200000000002,3.96,2.207,5.0989084696334785
2177,460967.000000,41.4119804080,2.1913238740,87.226,2.1709,2.1,4.149,-2.82895,5.08,1.071,5.913205804519237
2177,460968.000000,41.4117312300,2.1915260460,71.485,2.5641,2.21,4.538,-6.4607,6.64,-0.527,9.278289519561245
2177,460969.000000,41.4117704100,2.1915959080,74.840,2.1708,2.1,4.149,-6.62143,7.36,-0.001,9.901969855352014
2177,460970.000000,41.4116739920,2.1917300800,71.463,2.0236,2.0,3.961,-7.559169999999999,6.02,0.317,9.668702574606378
2177,460971.000000,41.4115043400,2.1916689540,100.178,2.2457,2.73,4.663,-5.73672,8.87,3.938,11.273282200428584
2177,460972.000000,41.4117893870,2.1921317220,106.257,2.232,2.16,4.159,-6.23319,7.36,1.497,9.76006740022834
2177,460973.000000,41.4116467770,2.1923605950,90.634,2.4416,2.74,4.431,-5.91783,7.78,1.652,9.912381328555718
2177,460974.000000,41.4112894640,2.1920410620,71.304,3.2197,2.69,5.638,-4.51224,9.03,1.882,10.267396888583786
2177,460975.000000,41.4112848990,2.1921796610,37.870,3.2195,2.69,5.637,-4.59313,9.2,1.013,10.335707702779715
2177,460976.000000,41.4111724320,2.1925373020,98.929,2.1381,2.02,4.216,-5.11561,7.44,1.195,9.107262451049712
2177,460977.000000,41.4110436020,2.1925123390,76.857,2.1707,2.11,4.149,-7.0226,6.6,-2.704,10.00643438599884
2177,460978.000000,41.4110508410,2.1925043340,83.146,2.024,2.0,3.962,-6.65849,4.35,0.240,7.9585331214363855
2177,460979.000000,41.4109662740,2.1926029160,113.364,2.024,2.0,3.962,-5.22915,4.31,-1.287,6.895503495249639
2177,460980.000000,41.4108592490,2.1927976960,122.054,2.0628,2.4,4.030,-6.84018,5.73,0.776,8.959347019587979
2177,460981.000000,41.4108977340,2.1928368850,115.531,2.1447,2.07,4.268,-6.12771,5.88,2.741,8.920874879931903
2177,460982.000000,41.4107766070,2.1929596890,121.156,3.1585,2.41,6.939,-6.558659999999999,8.68,6.255,12.552170349887701
2177,460983.000000,41.4106891110,2.1932031670,121.527,2.385,2.41,5.066,-8.97728,6.89,4.734,12.26474585117849
2177,460984.000000,41.4105965700,2.1932943050,142.897,2.385,2.41,5.066,-8.800260000000002,7.48,4.774,12.498500608076956
2177,460985.000000,41.4105973880,2.1932672330,106.789,3.3122,2.56,6.978,-5.25686,5.38,1.186,7.613814509101203
2177,460986.000000,41.4106163220,2.1932249960,95.023,3.3123,2.56,6.979,-4.963210000000001,3.36,2.247,6.401673506521558
2177,460987.000000,41.4104296670,2.1932617280,108.256,3.3124,2.56,6.979,-2.0461899999999997,1.69,3.220,4.1721001304618754
2177,460988.000000,41.4106034880,2.1933874520,88.874,3.3125,2.56,6.980,-0.42021,0.667,0.995,1.2697150777635113
2177,460989.000000,41.4104482720,2.1933703980,128.184,3.3126,2.56,6.981,0.5621300000000002,0.443,-0.736,1.0266194325552194
2177,460990.000000,41.4104183580,2.1935361070,111.311,3.3127,2.56,6.981,0.30712999999999996,0.372,0.857,0.9835727788526887
2177,460991.000000,41.4105698990,2.1935605520,84.135,3.3128,2.56,6.982,0.35915000000000014,0.253,0.868,0.9729740597775461
2177,460992.000000,41.4106042210,2.1933756770,59.353,3.3623,2.84,8.185,0.05468999999999999,-0.0304,0.095,0.11398003597121735
2177,460993.000000,41.4104930980,2.1934973670,94.796,3.313,2.56,6.983,0.32847000000000004,-0.0161,0.425,0.5376962274370167
2177,460994.000000,41.4106149830,2.1932831660,78.512,3.3131,2.56,6.984,0.12765999999999997,-0.016,0.211,0.24704761889158125
2177,460995.000000,41.4105402900,2.1931102840,56.772,3.3624,2.84,8.187,-0.04127,-0.635,-0.034,0.6367504737336283
2177,460996.000000,41.4106563520,2.1933158720,87.362,3.3625,2.84,8.188,0.12834000000000007,-0.219,0.526,0.5843050680937141
2177,460997.000000,41.4105940220,2.1931814220,79.365,3.3134,2.56,6.986,0.19010999999999995,0.043,0.576,0.6083796089613784
2177,460998.000000,41.4105048240,2.1934042200,93.189,2.5799,2.56,5.129,-0.009029999999999982,-0.0848,0.253,0.2673431371851539
2177,460999.000000,41.4104754890,2.1934084770,111.525,3.3136,2.56,6.987,0.20125000000000004,-0.345,0.227,0.459196390447486
2177,461000.000000,41.4105579880,2.1934359430,110.408,2.8208,2.81,5.819,-0.3123899999999999,-0.135,0.533,0.6326699792941023
2177,461001.000000,41.4106342550,2.1935616570,151.251,2.8799,2.82,5.949,0.12499000000000002,0.499,0.397,0.6495245308685422
2177,461002.000000,41.4106988490,2.1936143600,155.923,2.8208,2.81,5.820,-0.10202999999999995,0.576,1.160,1.2989124569038513
2177,461003.000000,41.4106276340,2.1936371510,139.644,3.314,2.56,6.990,-0.03405,0.396,0.209,0.4489021312045644
2177,461004.000000,41.4106877830,2.1936570170,153.397,3.363,2.85,8.193,-0.030960000000000015,0.188,0.475,0.5112771323851675
2177,461005.000000,41.4105387290,2.1935420720,169.762,3.3631,2.85,8.194,-0.09216000000000005,0.0714,0.533,0.5455866746906489
2177,461006.000000,41.4106148180,2.1932647410,112.637,2.8374,2.37,5.538,0.07558999999999999,0.0262,0.211,0.22542018143901846
2177,461007.000000,41.4105924700,2.1934127570,134.077,3.0047,2.44,5.708,0.13245,-0.0383,0.203,0.24563845179450222
2177,461008.000000,41.4107093490,2.1933756360,118.366,3.1156,2.63,6.697,0.14375,0.0829,0.055,0.17467259974019966
2177,461009.000000,41.4107085200,2.1934095510,112.675,2.6868,2.62,5.653,-0.14494999999999997,0.0532,-0.165,0.2261601622744377
2177,461010.000000,41.4105767180,2.1932494540,131.286,2.6869,2.62,5.654,0.014320000000000006,0.00426,0.079,0.07992872074542418
2177,461011.000000,41.4106256040,2.1933441060,115.944,2.687,2.62,5.654,0.16773,0.169,0.089,0.25442756493744934
2177,461012.000000,41.4105239770,2.1932581430,88.543,3.116,2.63,6.699,0.28822,0.0816,0.323,0.44029318868226885
2177,461013.000000,41.4106477340,2.1933950720,95.200,2.6851,2.31,5.262,-0.34136999999999995,0.0186,-0.616,0.7045884178724484
2177,461014.000000,41.4106187650,2.1933726110,97.389,2.6852,2.31,5.262,-0.25056,-0.179,-0.144,0.340206109586527
2177,461015.000000,41.4105563110,2.1933829450,108.703,2.6853,2.31,5.262,-0.3005,0.187,0.065,0.35965082010194277
2177,461016.000000,41.4105838580,2.1932839600,99.541,2.6853,2.31,5.263,-1.17778,1.52,-0.396,1.9599183723053368
2177,461017.000000,41.4105708550,2.1933606600,85.438,2.2833,2.17,4.317,-2.4476099999999996,2.93,-0.006,3.8174793587654143
2177,461018.000000,41.4106327150,2.1934744460,92.975,2.2834,2.17,4.317,-2.8431099999999994,2.79,2.173,4.539566844105283
2177,461019.000000,41.4105181640,2.1935771240,79.163,2.5446,2.25,5.011,-3.0969300000000004,4.08,2.406,5.658350388602671
2177,461020.000000,41.4106486580,2.1935538330,96.956,2.2836,2.17,4.318,-2.95421,4.82,0.835,5.717412733055048
2177,461021.000000,41.4105168670,2.1936364050,104.735,2.2165,2.13,4.088,-3.3812299999999995,5.24,2.876,6.86919216428686
2177,461022.000000,41.4104523810,2.1937419410,107.070,2.2169,2.69,4.170,-4.4452,6.42,3.727,8.655526921603327
2177,461023.000000,41.4102830050,2.1938345240,112.746,2.2167,2.13,4.089,-3.1544,3.45,0.203,4.682436293480136
2177,461024.000000,41.4101697940,2.1938623680,100.253,2.2168,2.13,4.089,-3.522839999999999,4.75,1.810,6.185690357437882
2177,461025.000000,41.4101101650,2.1938587650,103.561,2.668,2.32,4.779,-4.273700000000002,2.49,-5.759,7.591620203072597
2177,461026.000000,41.4100489230,2.1938712990,102.190,2.6681,2.32,4.779,-3.466280000000001,1.9,-4.117,5.708242206958286
2177,461027.000000,41.4099441850,2.1940293980,66.532,2.8396,2.37,5.538,-2.6807799999999995,3.44,-7.632,8.789005839940032
2177,461028.000000,41.4098300240,2.1942187290,114.485,3.3165,2.57,7.005,-6.351100000000001,6.34,5.184,10.364379991340535
2177,461029.000000,41.4097592120,2.1942345760,129.017,2.6616,2.57,5.261,-5.374890000000001,4.9,2.426,7.665443270646521
2177,461030.000000,41.4097911270,2.1943306220,99.310,3.3167,2.57,7.007,-3.24469,2.61,1.109,4.308115431485094
2177,461031.000000,41.4097512390,2.1943852190,105.543,3.3168,2.57,7.008,-1.60701,1.72,-0.269,2.3673267386231247
2177,461032.000000,41.4098276900,2.1944214080,68.526,2.5464,2.25,5.014,-1.00697,0.765,1.359,1.8563274584512293
2177,461033.000000,41.4096875340,2.1943682110,78.271,2.319,2.15,4.344,0.18409,-0.173,0.056,0.25848818348234026
2177,461034.000000,41.4098522120,2.1943606490,77.256,2.4031,2.3,4.402,0.11751999999999999,-0.0767,-0.003,0.14037763817645602
2177,461035.000000,41.4096503480,2.1944542960,93.407,2.3192,2.15,4.345,-0.19335999999999995,-0.07,0.419,0.4666308443512922
2177,461036.000000,41.4096216120,2.1945053930,82.850,2.3194,2.15,4.345,-0.3094,0.235,-0.030,0.38941315142146904
2177,461037.000000,41.4097749750,2.1944089210,83.592,2.2181,2.13,4.092,-0.02497,-0.0328,0.131,0.13768831831350106
2177,461038.000000,41.4097795060,2.1942888230,79.451,2.2182,2.13,4.092,-0.14538,-0.103,0.356,0.39813483821439194
2177,461039.000000,41.4098067340,2.1943045020,101.181,2.2183,2.13,4.092,0.029059999999999996,0.0208,-0.083,0.09005680762718607
2177,461040.000000,41.4098040290,2.1944182260,96.751,2.3198,2.15,4.346,-0.027619999999999992,-0.0453,0.135,0.14527188200061292
2177,461041.000000,41.4098693430,2.1943283120,95.332,2.3199,2.15,4.346,-0.04198,-0.0453,0.126,0.13998140876559287
2177,461042.000000,41.4098607310,2.1943302690,80.386,2.32,2.15,4.346,-0.05571000000000001,-0.019,0.080,0.09957102038243858
2177,461043.000000,41.4098126010,2.1943149520,94.270,2.2187,2.13,4.093,0.12538,0.108,-0.319,0.35906495429100294
2177,461044.000000,41.4098187970,2.1942615500,84.103,2.2188,2.13,4.093,0.12086,0.0637,-0.290,0.3201444213163803
2177,461045.000000,41.4097978800,2.1942818140,79.136,2.2189,2.13,4.094,0.04457,0.0298,0.044,0.06944876816762123
2177,461046.000000,41.4097666450,2.1942438010,80.893,2.219,2.13,4.094,-0.13828999999999997,-0.154,0.395,0.44594381720122533
2177,461047.000000,41.4097778050,2.1942593200,84.872,2.2191,2.13,4.094,-0.059770000000000004,-0.0345,0.138,0.15471471746411203
2177,461048.000000,41.4097963110,2.1942492940,82.859,2.2192,2.13,4.094,0.09596999999999999,0.0964,-0.219,0.25790677191574474
2177,461049.000000,41.4097774740,2.1943073720,93.898,2.2193,2.13,4.095,0.31375999999999993,0.0736,0.011,0.3224596675554944
2177,461050.000000,41.4097450710,2.1942489740,82.108,2.2194,2.13,4.095,-0.11584999999999995,0.134,-0.611,0.6360065227652936
2177,461051.000000,41.4097783250,2.1942585170,68.073,2.321,2.15,4.348,-0.23756,-0.0259,-0.235,0.3348312824393802
2177,461052.000000,41.4097761710,2.1942720220,71.054,2.3211,2.15,4.348,-0.1951,-0.0572,-0.151,0.25312656695811286
2177,461053.000000,41.4097874730,2.1941867590,81.105,2.3212,2.15,4.348,0.16202,0.141,-0.290,0.36047624179687626
2177,461054.000000,41.4097166750,2.1942208040,75.618,2.3213,2.15,4.349,0.07016999999999998,0.066,-0.115,0.15004890336153742
2177,461055.000000,41.4097707490,2.1943196290,81.223,2.3214,2.15,4.349,-0.42129000000000016,0.501,0.515,0.8332613232953995
2177,461056.000000,41.4097216950,2.1943699980,74.068,2.3215,2.15,4.349,-1.85854,1.55,-0.556,2.4811539348859433
2177,461057.000000,41.4096364730,2.1943296650,64.137,2.2876,2.17,4.325,-2.5003900000000003,2.61,0.084,3.6144668564810494
2177,461058.000000,41.4096299450,2.1943794510,64.463,2.2201,2.13,4.096,-2.55584,2.32,0.216,3.4578212778713704
2177,461059.000000,41.4095637780,2.1944746570,78.945,2.2202,2.13,4.097,-3.41214,2.49,0.429,4.246054057416132
2177,461060.000000,41.4095213820,2.1944460410,83.075,2.322,2.15,4.350,-3.4501599999999994,2.74,2.083,4.872285278275482
2177,461061.000000,41.4094172960,2.1947140390,74.133,2.3463,2.25,4.120,-4.18385,4.98,1.163,6.606612856260007
2177,461062.000000,41.4094089770,2.1946759730,72.128,2.2205,2.13,4.097,-4.92541,4.96,0.540,7.012778776533594
2177,461063.000000,41.4093527280,2.1947154850,61.649,2.2206,2.13,4.098,-5.12196,4.79,0.143,7.013956629670588
2177,461064.000000,41.4092774720,2.1948786790,83.324,2.2207,2.13,4.098,-5.5932,5.38,-0.205,7.7624245694563765
2177,461065.000000,41.4092786650,2.1948542280,56.828,2.4463,2.58,4.739,-5.44107,5.7,-0.181,7.881563311285395
2177,461066.000000,41.4092758290,2.1948481830,62.817,2.2209,2.13,4.098,-4.92982,5.37,-0.369,7.299139548556392
2177,461067.000000,41.4091946200,2.1949937180,56.472,2.221,2.13,4.098,-4.88398,4.79,-0.530,6.8600220005551
2177,461068.000000,41.4091622800,2.1950203420,60.472,2.2211,2.13,4.099,-3.4903499999999994,3.73,0.196,5.11529954604811
2177,461069.000000,41.4091051360,2.1950237150,60.074,2.6306,2.3,4.531,-2.46692,2.96,0.293,3.8605675100948567
2177,461070.000000,41.4091246390,2.1950200890,63.746,2.6306,2.3,4.531,-3.7473099999999997,2.76,0.107,4.655313447169803
2177,461071.000000,41.4090964020,2.1949980220,88.384,2.2214,2.13,4.099,-1.9019300000000001,2.65,3.655,4.89716094970341
2177,461072.000000,41.4089686930,2.1947973240,83.685,2.6306,2.3,4.531,-4.346739999999999,2.31,0.972,5.015693906529782
2177,461073.000000,41.4090576900,2.1949701300,97.073,2.6307,2.3,4.531,-4.223119999999999,2.04,1.532,4.933590988853858
2177,461074.000000,41.4090523430,2.1951631760,101.697,2.2894,2.17,4.329,-3.0998200000000002,2.34,4.385,5.856913901100134
2177,461075.000000,41.4090287640,2.1953761080,83.646,2.752,3.26,4.831,-4.61901,2.77,0.039,5.3837675737442465
2177,461076.000000,41.4088329450,2.1953426130,50.359,2.7853,3.21,4.848,-4.09375,3.31,-1.061,5.368320711162849
2177,461077.000000,41.4088181290,2.1954340510,48.132,2.3238,2.16,4.354,-3.8597500000000005,4.01,-0.556,5.593336148114111
2177,461078.000000,41.4087994110,2.1955453780,58.857,2.447,2.58,4.744,-2.77248,3.03,0.299,4.120348180736671
2177,461079.000000,41.4088042370,2.1955504000,53.573,2.6308,2.3,4.532,-3.11405,2.72,0.249,4.144121386072083
2177,461080.000000,41.4087204750,2.1956901900,65.414,2.2223,2.14,4.101,-0.6225800000000001,4.3,2.920,5.2357993020168365
2177,461081.000000,41.4089549890,2.1958213650,91.590,2.4425,2.19,4.360,-0.06747999999999976,4.8,3.633,6.018924838050397
2177,461082.000000,41.4087713300,2.1959871150,84.368,2.2225,2.14,4.102,-0.43593000000000015,5.39,3.883,6.654296058660149
2177,461083.000000,41.4087432550,2.1958246540,56.193,2.6309,2.3,4.532,0.6764999999999999,3.8,4.818,6.170685416693999
2177,461084.000000,41.4087877550,2.1960692410,91.419,3.3689,2.57,5.427,-0.9015500000000001,2.59,1.581,3.1666303085456633
2177,461085.000000,41.4085465010,2.1959100200,64.699,2.6707,2.32,4.781,-0.19332999999999978,2.92,2.983,4.180749342713575
2177,461086.000000,41.4084537820,2.1959538680,68.805,2.6708,2.32,4.781,-1.9897099999999996,0.559,0.805,2.217904209518526
2177,461087.000000,41.4085608030,2.1960568590,87.285,3.3677,2.57,5.426,-2.68837,-0.521,-0.663,2.817603912884137
2177,461088.000000,41.4084336380,2.1960931570,83.530,3.4982,2.63,5.488,-3.1205800000000004,-0.597,0.367,3.198322671870367
2177,461089.000000,41.4083112120,2.1962452100,92.908,2.3703,2.23,4.157,-1.6004100000000003,-0.0963,1.383,2.117670292137093
2177,461090.000000,41.4083729320,2.1961702150,87.075,2.4477,2.59,4.750,0.23328000000000004,-1.22,0.946,1.5653572631511314
2177,461091.000000,41.4082438510,2.1960952000,74.056,2.4477,2.59,4.750,-1.5916600000000003,-2.15,1.881,3.2699134250313113
2177,461092.000000,41.4082863380,2.1959387440,70.730,2.2235,2.14,4.104,-2.5952400000000004,-2.39,3.353,4.867988622634609
2177,461093.000000,41.4083178370,2.1957883420,64.352,2.2235,2.14,4.104,-3.2091100000000004,-3.44,3.395,5.7985549267813274
2177,461094.000000,41.4082178670,2.1958595230,75.244,2.2236,2.14,4.104,-2.4047200000000006,-3.86,4.288,6.2523641545338675
2177,461095.000000,41.4081238230,2.1957365570,71.652,2.2237,2.14,4.105,-2.6397000000000004,-3.75,4.925,6.728158343365591
2177,461096.000000,41.4082339530,2.1957634600,85.430,2.2238,2.14,4.105,-0.335160000000001,-3.27,8.421,9.040315253109263
2177,461097.000000,41.4081331420,2.1956945670,95.828,2.2239,2.14,4.105,0.008770000000000167,-3.23,9.862,10.377717138778646
2177,461098.000000,41.4080136420,2.1955567840,79.868,2.6313,2.3,4.532,-2.4256399999999996,-3.56,6.302,7.634994439244863
2177,461099.000000,41.4079956200,2.1954589280,89.925,2.6313,2.3,4.532,-3.7632399999999997,-3.97,4.467,7.064253343284059
2177,461100.000000,41.4078388790,2.1952931920,78.960,2.6313,2.3,4.532,-5.010819999999999,-5.03,0.888,7.15368658035841
2177,461101.000000,41.4077449730,2.1952691480,52.915,2.6314,2.3,4.532,-3.15687,-2.93,1.429,4.535130356968805
2177,461102.000000,41.4078482070,2.1953621930,87.799,2.6314,2.3,4.533,0.30096,0.074,0.985,1.0330175247787428
2177,461103.000000,41.4077865830,2.1953600850,62.287,2.6314,2.3,4.533,-0.25003999999999993,-0.0835,-0.277,0.38224046423684654
2177,461104.000000,41.4078850110,2.1952170620,77.963,2.2246,2.14,4.106,0.14737,-0.155,0.545,0.5859715865125202
2177,461105.000000,41.4078096200,2.1953037960,66.526,2.2247,2.14,4.107,0.13251,-0.0304,0.370,0.3939527010949411
2177,461106.000000,41.4078256240,2.1953199490,76.096,2.3393,2.15,4.476,-0.14474,-0.0365,-0.152,0.21324158271781798
2177,461107.000000,41.4078178860,2.1952831510,60.672,2.2249,2.14,4.107,0.034249999999999996,0.0216,0.140,0.1460071946857414
2177,461108.000000,41.4079587940,2.1952878950,85.503,2.225,2.14,4.107,-0.08185999999999996,0.0348,-0.166,0.18793834520927336
2177,461109.000000,41.4079204930,2.1953323180,84.531,2.2251,2.14,4.107,-0.06257999999999997,-0.0152,-0.238,0.24650037748449796
2177,461110.000000,41.4078743280,2.1952685420,73.855,2.2252,2.14,4.108,-0.24026000000000003,-0.136,-0.424,0.5058272562841982
2177,461111.000000,41.4078400140,2.1952839980,60.863,2.2253,2.14,4.108,-0.07928000000000002,-0.0828,-0.194,0.22502926320814368
2177,461112.000000,41.4077785480,2.1952716010,58.183,2.2254,2.14,4.108,-0.03624999999999999,0.0185,-0.009,0.04174472182204595
2177,461113.000000,41.4078662270,2.1952805940,69.726,2.2255,2.14,4.108,0.10758999999999996,-0.111,0.338,0.3717650025217543
2177,461114.000000,41.4078642210,2.1953112230,51.142,2.2255,2.14,4.109,0.06138999999999999,-0.123,0.126,0.18640462494262314
2177,461115.000000,41.4077655170,2.1953115450,66.749,2.2547,2.15,4.146,-0.07083999999999999,-0.0145,0.219,0.2301728611283267
2177,461116.000000,41.4078818760,2.1952999900,73.643,2.2257,2.14,4.109,-0.28804,-0.213,-0.303,0.46956563556120673
2177,461117.000000,41.4079127600,2.1953044720,92.595,2.2258,2.14,4.109,-0.20652000000000004,0.00838,-0.279,0.34754150083119567
2177,461118.000000,41.4078301710,2.1952374350,58.638,2.4433,2.2,4.363,0.011219999999999987,0.0709,0.129,0.1476880607903022
2177,461119.000000,41.4078762050,2.1952671970,67.586,2.226,2.14,4.110,0.03823000000000001,-0.0209,0.101,0.10985011834313152
2177,461120.000000,41.4079201920,2.1953176250,79.289,2.0478,2.04,4.031,-0.11041999999999999,0.131,0.391,0.427188441557119
2177,461121.000000,41.4079289630,2.1952933790,73.567,2.0297,2.02,3.978,0.024480000000000002,-0.111,-0.081,0.13935806004677306
2177,461122.000000,41.4078634210,2.1953648660,83.673,2.0297,2.02,3.978,0.014459999999999987,-0.0121,-0.110,0.11180677126185157
2177,461123.000000,41.4077754120,2.1954463030,77.814,2.1055,2.1,3.985,0.051710000000000006,0.0666,0.039,0.09295255026087233
2177,461124.000000,41.4078291900,2.1952967280,75.052,2.0298,2.02,3.978,-0.00753,-0.0286,0.013,0.03250704231393561
2177,461125.000000,41.4079128480,2.1952619230,82.913,2.0299,2.02,3.978,-0.10398000000000002,-0.0766,-0.160,0.20539866236175935
2177,461126.000000,41.4079537010,2.1954420390,104.746,2.3711,2.24,4.328,0.14578999999999998,-0.186,-0.429,0.48958806633740565
2177,461127.000000,41.4078543070,2.1952688190,73.171,2.0299,2.02,3.978,0.16965,-0.398,-0.459,0.6311026339669326
2177,461128.000000,41.4078259570,2.1953232020,60.391,2.1416,2.13,4.071,0.06197999999999995,0.146,0.309,0.347438048578448
2177,461129.000000,41.4078947840,2.1953531990,86.045,2.03,2.02,3.978,-0.40774000000000005,-0.251,-0.054,0.4820374550799969
2177,461130.000000,41.4077609850,2.1952630440,55.119,2.0301,2.02,3.979,-0.12024999999999997,-0.397,-0.620,0.746304207880406
2177,461131.000000,41.4078071180,2.1953110380,85.558,2.0301,2.02,3.979,-1.18777,-1.0,0.735,1.717927314440282
2177,461132.000000,41.4077950360,2.1952245480,71.428,2.0301,2.02,3.979,-2.50465,-2.08,0.850,3.363306241394024
2177,461133.000000,41.4076980070,2.1952279990,69.027,2.0302,2.02,3.979,-3.26259,-2.51,1.692,4.450546725751792
2177,461134.000000,41.4077030450,2.1950523160,65.437,2.0302,2.02,3.979,-4.082840000000001,-2.76,1.434,5.133810296806848
2177,461135.000000,41.4076180070,2.1950132620,58.234,2.3707,2.24,4.327,-3.5890199999999997,-3.29,2.572,5.506394892123157
2177,461136.000000,41.4076205050,2.1950319590,59.681,2.0303,2.02,3.979,-4.52823,-4.62,0.849,6.52483182966427
2177,461137.000000,41.4075806730,2.1949999880,71.701,2.3766,2.24,4.170,-3.624629999999999,-3.36,3.219,5.897078089783107
2177,461138.000000,41.4075601390,2.1949100150,88.514,2.2278,2.14,4.114,-3.4889800000000015,-3.05,3.513,5.817712295404442
2177,461139.000000,41.4075465760,2.1948135280,79.302,2.3617,2.26,4.142,-3.20088,-3.45,4.218,6.320807641504366
2177,461140.000000,41.4074173780,2.1945404950,56.825,2.2434,2.2,4.156,-2.71497,-6.2,5.538,8.748301671370276
2177,461141.000000,41.4073048230,2.1944750530,61.237,2.5927,2.31,4.406,-5.3347500000000005,-5.2,1.851,7.677770277176832
2177,461142.000000,41.4072515290,2.1945048460,65.748,2.5336,2.23,4.368,-7.488770000000001,-5.15,3.262,9.656250059489969
2177,461143.000000,41.4070973800,2.1944389340,76.916,2.4438,2.2,4.365,-7.010199999999999,-5.93,1.880,9.371838678535818
2177,461144.000000,41.4069586150,2.1944740410,77.881,2.167,2.13,4.148,-7.25015,-5.78,0.306,9.276839159164073
2177,461145.000000,41.4068939600,2.1943855590,88.962,2.1669,2.13,4.148,-6.458129999999999,-7.09,-1.449,9.696774697465132
2177,461146.000000,41.4069512430,2.1941650850,78.532,2.1669,2.13,4.148,-6.83169,-6.89,-0.755,9.731357890556692
2177,461147.000000,41.4069367100,2.1940019560,68.914,2.1669,2.13,4.148,-6.8984,-7.09,-0.739,9.9172545622768
2177,461148.000000,41.4068068500,2.1939059740,46.766,2.1669,2.13,4.148,-7.15646,-6.7,-0.284,9.808833162150329
2177,461149.000000,41.4067280480,2.1937979510,56.803,2.4439,2.2,4.366,-6.709590000000001,-6.1,1.514,9.192621658950184
2177,461150.000000,41.4066457410,2.1938526520,69.048,2.4439,2.2,4.366,-7.2691,-4.2,3.689,9.171869797004316
2177,461151.000000,41.4066925310,2.1937868960,76.628,2.444,2.2,4.366,-6.57062,-3.5,2.002,7.711207527579581
2177,461152.000000,41.4066765380,2.1936833310,69.268,2.5942,2.31,4.408,-6.11255,-2.36,0.621,6.5806204583686485
2177,461153.000000,41.4066118490,2.1937550530,80.913,4.0615,2.57,5.940,-1.0408,-2.24,2.347,3.4064599184784194
2177,461154.000000,41.4065663130,2.1935964190,79.400,2.444,2.2,4.366,-0.84817,-0.309,0.626,1.0987386523191034
2177,461155.000000,41.4066449790,2.1935423820,77.170,2.2294,2.14,4.117,0.22324,0.312,-0.441,0.5844169383240015
2177,461156.000000,41.4065890580,2.1935475480,74.828,2.2295,2.14,4.117,0.10284000000000004,-0.581,0.624,0.8590799695022576
2177,461157.000000,41.4064892050,2.1935501100,83.067,2.2296,2.14,4.117,-0.49378999999999995,-0.322,-0.368,0.6951118087041824
2177,461158.000000,41.4065219440,2.1935344800,59.111,2.2297,2.14,4.118,-0.5893400000000001,-0.4,-0.639,0.9570498723159625
2177,461159.000000,41.4064793380,2.1934518040,55.092,2.2298,2.14,4.118,-0.47363999999999995,-0.0581,0.245,0.5363732525023968
2177,461160.000000,41.4065782450,2.1934379310,82.596,2.2299,2.14,4.118,0.10844000000000001,0.0839,-0.015,0.13790334876282012
2177,461161.000000,41.4066042720,2.1934705450,73.446,2.23,2.14,4.118,0.31035,-0.227,-0.190,0.42915362540703295
2177,461162.000000,41.4065691070,2.1933702490,82.607,2.23,2.14,4.118,-0.011860000000000093,-0.566,-0.630,0.8469054486777141
2177,461163.000000,41.4065176590,2.1934212450,63.405,2.2302,2.69,4.200,-0.34030000000000005,0.146,-0.006,0.370447492770568
2177,461164.000000,41.4064639840,2.1936662370,103.348,2.2302,2.14,4.119,-0.05782999999999999,0.109,0.281,0.3067580417853785
2177,461165.000000,41.4065620260,2.1935966070,82.985,2.2303,2.14,4.119,0.02423,-0.369,0.326,0.4932275293411753
2177,461166.000000,41.4065192110,2.1934112530,70.409,3.2333,2.4,5.635,1.11354,0.605,0.292,1.3005241783219563
2177,461167.000000,41.4064650490,2.1936574640,80.994,2.547,2.41,5.010,0.32042,0.402,-0.187,0.5472495610779419
2177,461168.000000,41.4065499790,2.1934479320,69.279,2.5683,2.36,4.221,-0.26699,0.166,-0.525,0.6118760320522452
2177,461169.000000,41.4067152450,2.1935640200,82.193,2.2307,2.14,4.120,-0.024369999999999996,-0.0421,0.049,0.06927628959463691
2177,461170.000000,41.4064433590,2.1936281020,55.321,2.3678,2.27,4.150,0.12166000000000002,0.0289,0.020,0.1266027570789831
2177,461171.000000,41.4065299050,2.1935459520,87.524,2.3338,2.16,4.373,0.06253000000000003,-0.252,0.835,0.8740641780212708
2177,461172.000000,41.4063948420,2.1935934530,90.024,2.3354,2.17,4.681,-0.10188000000000001,0.0134,0.131,0.16632995791498295
2177,461173.000000,41.4066004550,2.1936041710,56.295,2.3776,2.93,4.263,-0.0021400000000000308,-0.163,-0.275,0.31975409129517013
2177,461174.000000,41.4066463470,2.1935484290,60.504,2.6798,3.09,4.538,-0.12153999999999998,0.077,-0.045,0.15068417169696358
